Source;Target
001-ARG; 034-ORL
001-ARG; 035-MJS
001-ARG; 036-BJS
001-ARG; 037-GF
001-ARG; 038-SRS
001-ARG; 039-FRS
001-ARG; 040-SSC
001-ARG; 041-GSB
001-ARG; 042-CRM
001-ARG; 030-JBO
001-ARG; 044-JFO
001-ARG; 043-AFS
001-ARG; 045-JRS
002-AMS; 046-AFM
002-AMS; 047-DPO
002-AMS; 048-MPO
002-AMS; 049-GJM
002-AMS; 038-SRS
002-AMS; 050-JRS
002-AMS; 044-JFO
002-AMS; 002-AMS
003-APL; 018-VAO
003-APL; 019-AMN
003-APL; 020-JPLN
003-APL; 021-OMS
003-APL; 022-OR
003-APL; 023-CAF
003-APL; 024-MRS
003-APL; 025-ASS
003-APL; 026-DA
003-APL; 027-GP
003-APL; 028-LFS
003-APL; 029-JM
003-APL; 030-JBO
003-APL; 031-AG
003-APL; 032-RL
003-APL; 033-JM
004-ASS; 035-MJS
004-ASS; 036-BJS
004-ASS; 034-ORL
005-ABG; 022-OR
005-ABG; 018-VAO
005-ABG; 047-DPO
005-ABG; 050-JRS
005-ABG; 031-AG
006-AMS; 046-AFM
006-AMS; 047-DPO
006-AMS; 048-MPO
006-AMS; 049-GJM
006-AMS; 038-SRS
006-AMS; 050-JRS
006-AMS; 044-JFO
006-AMS; 002-AMS
008-ABS; 035-MJS
008-ABS; 036-BJS
008-ABS; 034-ORL
008-ABS; 022-OR
008-ABS; 050-JRS
008-ABS; 045-JRS
010-AMN; 018-VAO
010-AMN; 019-AMN
010-AMN; 020-JPL
010-AMN; 021-OMS
010-AMN; 022-OR
010-AMN; 023-CAF
010-AMN; 024-MRS
010-AMN; 025-ASS
010-AMN; 026-DA
010-AMN; 027-GP
010-AMN; 028-LFS
010-AMN; 029-JM
010-AMN; 030-JBO
010-AMN; 031-AG
010-AMN; 032-RL
010-AMN; 033-JM
011-ASO; 031-AG
011-ASO; 042-CRM
011-ASO; 026-DA
011-ASO; 047-DPO
012-ABS; 035-MJS
012-ABS; 036-BJS
012-ABS; 034-ORL
012-ABS; 022-OR
012-ABS; 050-JRS
012-ABS; 045-JRS
012-ABS; 013-AAS
013-ABS; 035-MJS
013-ABS; 036-BJS
013-ABS; 034-ORL
013-ABS; 022-OR
013-ABS; 050-JRS
013-ABS; 045-JRS
013-ABS; 013-AAS
014-AAS; 021-OMS
014-AAS; 024-MRS
014-AAS; 031-AG
014-AAS; 022-OR
015-AFO; 046-AFM
015-AFO; 021-OMS
015-AFO; 022-OR
015-AFO; 026-DA
015-AFO; 018-VAO
015-AFO; 013-AAS
015-AFO; 031-AG
015-AFO; 047-DPO
015-AFO; 038-SRS
015-AFO; 045-JRS
015-AFO; 028-LFS
016-ACS; 035-MJS
016-ACS; 036-BJS
016-ACS; 034-ORL
017-ACB; 022-OR
017-ACB; 040-SSC
017-ACB; 030-JBO
017-ACB; 037-GF
